{

	"pools":[
    {
	      "rolls": 1,
          "entries": [
        {
          "type": "minecraft:item",
          "name": "minecraft:iron_sword",
		  "functions":[
		    {
			    "function":"minecraft:set_nbt",
				"tag":"{display:{Name:'{\"translate\":\"item.cam.copper_sword_exposed\",\"italic\":false}'},CustomModelData:9102085,id:\"cam:copper_sword\",CAM_cps_type:0,CAM_cps_oxi:1,CAM_Enchantments:[{id:\"cam:breakable\",lvl:1,hide:1b}]}"
			},
			{
				"function": "minecraft:set_damage",
				"damage": {
					"max":0.6,
					"min":0.4
				}
			}
		  ]
        }
                     ]
	}
	]
}