{
	"values": [
		"#minecraft:carpets",
		"#minecraft:flower_pots",
		"#minecraft:gold_ores",
		"#minecraft:nylium",
		"#minecraft:planks",
		"#minecraft:sand",
		"#minecraft:small_flowers",
		"#minecraft:stone_bricks",
		"#minecraft:wart_blocks",
		"#minecraft:wool",
		"#uin:general/concrete",
		"#uin:general/concrete_powder",
		"#uin:general/dead_coral_blocks",
		"#uin:general/fungus",
		"#uin:general/gases",
		"#uin:general/glass_blocks",
		"#uin:general/mineral_blocks",
		"#uin:general/roots",
		"#uin:general/smooth_stone",
		"#uin:general/sponge",
		"#uin:general/terracotta",
		"minecraft:ancient_debris",
		"minecraft:andesite",
		"minecraft:bamboo_sapling",
		"minecraft:barrier",
		"minecraft:beacon",
		"minecraft:bedrock",
		"minecraft:blackstone",
		"minecraft:blue_ice",
		"minecraft:bookshelf",
		"minecraft:bricks",
		"minecraft:brown_mushroom",
		"minecraft:cartography_table",
		"minecraft:chiseled_nether_bricks",
		"minecraft:chiseled_polished_blackstone",
		"minecraft:chiseled_quartz_block",
		"minecraft:chiseled_red_sandstone",
		"minecraft:chiseled_sandstone",
		"minecraft:clay",
		"minecraft:coal_ore",
		"minecraft:coarse_dirt",
		"minecraft:cobblestone",
		"minecraft:cobweb",
		"minecraft:cracked_nether_bricks",
		"minecraft:cracked_polished_blackstone_bricks",
		"minecraft:crafting_table",
		"minecraft:crying_obsidian",
		"minecraft:cut_red_sandstone",
		"minecraft:cut_sandstone",
		"minecraft:dark_prismarine",
		"minecraft:dead_bush",
		"minecraft:diamond_ore",
		"minecraft:diorite",
		"minecraft:dirt",
		"minecraft:dragon_egg",
		"minecraft:dried_kelp_block",
		"minecraft:emerald_ore",
		"minecraft:enchanting_table",
		"minecraft:end_gateway",
		"minecraft:end_portal",
		"minecraft:end_stone",
		"minecraft:end_stone_bricks",
		"minecraft:fern",
		"minecraft:fletching_table",
		"minecraft:gilded_blackstone",
		"minecraft:glowstone",
		"minecraft:granite",
		"minecraft:grass",
		"minecraft:gravel",
		"minecraft:honey_block",
		"minecraft:honeycomb_block",
		"minecraft:ice",
		"minecraft:infested_chiseled_stone_bricks",
		"minecraft:infested_cobblestone",
		"minecraft:infested_cracked_stone_bricks",
		"minecraft:infested_mossy_stone_bricks",
		"minecraft:infested_stone",
		"minecraft:infested_stone_bricks",
		"minecraft:iron_ore",
		"minecraft:kelp_plant",
		"minecraft:lapis_ore",
		"minecraft:lily_pad",
		"minecraft:lodestone",
		"minecraft:magma_block",
		"minecraft:melon",
		"minecraft:mossy_cobblestone",
		"minecraft:nether_bricks",
		"minecraft:nether_quartz_ore",
		"minecraft:nether_sprouts",
		"minecraft:netherrack",
		"minecraft:obsidian",
		"minecraft:packed_ice",
		"minecraft:polished_andesite",
		"minecraft:polished_blackstone",
		"minecraft:polished_blackstone_bricks",
		"minecraft:polished_diorite",
		"minecraft:polished_granite",
		"minecraft:prismarine",
		"minecraft:prismarine_bricks",
		"minecraft:pumpkin",
		"minecraft:purpur_block",
		"minecraft:quartz_bricks",
		"minecraft:red_mushroom",
		"minecraft:red_nether_bricks",
		"minecraft:red_sandstone",
		"minecraft:sandstone",
		"minecraft:sea_lantern",
		"minecraft:seagrass",
		"minecraft:shroomlight",
		"minecraft:slime_block",
		"minecraft:smithing_table",
		"minecraft:snow_block",
		"minecraft:soul_fire",
		"minecraft:soul_sand",
		"minecraft:soul_soil",
		"minecraft:soul_torch",
		"minecraft:spawner",
		"minecraft:stone",
		"minecraft:structure_void",
		"minecraft:torch",
		"minecraft:twisting_vines_plant",
		"minecraft:weeping_vines_plant",

		{"required":false,"id":"n/a","version":1.17},
		{"required":false,"id":"n/a","note":"renamed from-to"},
		{"required":false,"id":"minecraft:grass_path"},
		{"required":false,"id":"minecraft:dirt_path"},

		{"required":false,"id":"n/a","note":"added"},
		{"required":false,"id":"minecraft:cauldron"},

		{"required":false,"id":"#minecraft:copper_ores"},
		{"required":false,"id":"#uin:general/azaleas"},
		{"required":false,"id":"#uin:general/raw_blocks"},
		{"required":false,"id":"minecraft:lava_cauldron"},
		{"required":false,"id":"minecraft:amethyst_block"},
		{"required":false,"id":"minecraft:budding_amethyst"},
		{"required":false,"id":"minecraft:calcite"},
		{"required":false,"id":"minecraft:chiseled_deepslate"},
		{"required":false,"id":"minecraft:cobbled_deepslate"},
		{"required":false,"id":"minecraft:cracked_deepslate_bricks"},
		{"required":false,"id":"minecraft:cracked_deepslate_tiles"},
		{"required":false,"id":"minecraft:cut_copper"},
		{"required":false,"id":"minecraft:deepslate_bricks"},
		{"required":false,"id":"minecraft:deepslate_coal_ore"},
        {"required":false,"id":"minecraft:deepslate_copper_ore"},
        {"required":false,"id":"minecraft:deepslate_diamond_ore"},
        {"required":false,"id":"minecraft:deepslate_emerald_ore"},
        {"required":false,"id":"minecraft:deepslate_gold_ore"},
        {"required":false,"id":"minecraft:deepslate_iron_ore"},
		{"required":false,"id":"minecraft:deepslate_lapis_ore"},
		{"required":false,"id":"minecraft:deepslate_tiles"},
		{"required":false,"id":"minecraft:dripstone_block"},
		{"required":false,"id":"minecraft:exposed_copper"},
		{"required":false,"id":"minecraft:exposed_cut_copper"},
		{"required":false,"id":"minecraft:moss_block"},
		{"required":false,"id":"minecraft:moss_carpet"},
		{"required":false,"id":"minecraft:oxidized_copper"},
		{"required":false,"id":"minecraft:oxidized_cut_copper"},
		{"required":false,"id":"minecraft:polished_deepslate"},
		{"required":false,"id":"minecraft:powder_snow"},
		{"required":false,"id":"minecraft:rooted_dirt"},
		{"required":false,"id":"minecraft:smooth_basalt"},
		{"required":false,"id":"minecraft:spore_blossom"},
		{"required":false,"id":"minecraft:tuff"},
		{"required":false,"id":"minecraft:waxed_copper_block"},
		{"required":false,"id":"minecraft:waxed_cut_copper"},
		{"required":false,"id":"minecraft:waxed_exposed_copper"},
		{"required":false,"id":"minecraft:waxed_exposed_cut_copper"},
        {"required":false,"id":"minecraft:waxed_oxidized_copper"},
        {"required":false,"id":"minecraft:waxed_oxidized_cut_copper"},
        {"required":false,"id":"minecraft:waxed_weathered_copper"},
        {"required":false,"id":"minecraft:waxed_weathered_cut_copper"},
		{"required":false,"id":"minecraft:weathered_copper"},
		{"required":false,"id":"minecraft:weathered_cut_copper"}
	]
}
