{
	"values": [
		"#minecraft:banners",
		"#minecraft:buttons",
		"#minecraft:corals",
		"#minecraft:crops",
		"#minecraft:fire",
		"#minecraft:pressure_plates",
		"#minecraft:rails",
		"#minecraft:signs",
		"#minecraft:small_flowers",
		"#minecraft:tall_flowers",
		"#minecraft:wall_corals",
		"#uin:general/dead_coral_fans",
		"#uin:general/dead_coral_wall_fans",
		"#uin:general/dead_corals",
		"#uin:general/ferns",
		"#uin:general/fungus",
		"#uin:general/gases",
		"#uin:general/grass",
		"#uin:general/liquid",
		"#uin:general/roots",
		"#uin:general/seagrass",
		"#uin:general/torches",
		"#uin:general/vines",
		"minecraft:acacia_sapling",
		"minecraft:attached_melon_stem",
		"minecraft:attached_pumpkin_stem",
		"minecraft:bamboo_sapling",
		"minecraft:birch_sapling",
		"minecraft:brown_mushroom",
		"minecraft:bubble_column",
		"minecraft:cobweb",
		"minecraft:dark_oak_sapling",
		"minecraft:dead_bush",
		"minecraft:end_gateway",
		"minecraft:end_portal",
		"minecraft:jungle_sapling",
		"minecraft:kelp",
		"minecraft:kelp_plant",
		"minecraft:lever",
		"minecraft:moving_piston",
		"minecraft:nether_portal",
		"minecraft:nether_sprouts",
		"minecraft:nether_wart",
		"minecraft:oak_sapling",
		"minecraft:red_mushroom",
		"minecraft:redstone_wire",
		"minecraft:scaffolding",
		"minecraft:spruce_sapling",
		"minecraft:structure_void",
		"minecraft:sugar_cane",
		"minecraft:sweet_berry_bush",
		"minecraft:tripwire",
		"minecraft:tripwire_hook",

		{"required":false,"id":"n/a","version":1.17},
		{"required":false,"id":"#minecraft:cave_vines"},
		{"required":false,"id":"minecraft:big_dripleaf_stem"},
		{"required":false,"id":"minecraft:glow_lichen"},
		{"required":false,"id":"minecraft:hanging_roots"},
		{"required":false,"id":"minecraft:powder_snow"},
		{"required":false,"id":"minecraft:small_dripleaf"},
		{"required":false,"id":"minecraft:spore_blossom"}
	]
}
