{
	"values": [
		"minecraft:acacia_leaves",
		"minecraft:acacia_sapling",
		"minecraft:allium",
		"minecraft:attached_melon_stem",
		"minecraft:attached_pumpkin_stem",
		"minecraft:azure_bluet",
		"minecraft:bamboo",
		"minecraft:beetroots",
		"minecraft:birch_leaves",
		"minecraft:birch_sapling",
		"minecraft:blue_orchid",
		"minecraft:cactus",
		"minecraft:carrots",
		"minecraft:cocoa",
		"minecraft:cornflower",
		"minecraft:dandelion",
		"minecraft:dark_oak_leaves",
		"minecraft:dark_oak_sapling",
		"minecraft:fern",
		"minecraft:grass",
		"minecraft:jungle_leaves",
		"minecraft:jungle_sapling",
		"minecraft:large_fern",
		"minecraft:lilac",
		"minecraft:lily_of_the_valley",
		"minecraft:lily_pad",
		"minecraft:melon_stem",
		"minecraft:oak_leaves",
		"minecraft:oak_sapling",
		"minecraft:orange_tulip",
		"minecraft:oxeye_daisy",
		"minecraft:peony",
		"minecraft:pink_tulip",
		"minecraft:poppy",
		"minecraft:potatoes",
		"minecraft:pumpkin_stem",
		"minecraft:red_tulip",
		"minecraft:rose_bush",
		"minecraft:spruce_leaves",
		"minecraft:spruce_sapling",
		"minecraft:sugar_cane",
		"minecraft:sunflower",
		"minecraft:sweet_berry_bush",
		"minecraft:tall_grass",
		"minecraft:vine",
		"minecraft:wheat",
		"minecraft:white_tulip",
		"minecraft:wither_rose",

		{"required":false,"id":"n/a","version":1.17},
 
		{"required":false,"id":"minecraft:azalea"},
		{"required":false,"id":"minecraft:azalea_leaves"},
		{"required":false,"id":"minecraft:big_dripleaf"},
		{"required":false,"id":"minecraft:big_dripleaf_stem"},
		{"required":false,"id":"minecraft:cave_vines"},
		{"required":false,"id":"minecraft:cave_vines_plant"},
		{"required":false,"id":"minecraft:flowering_azalea"},
		{"required":false,"id":"minecraft:flowering_azalea_leaves"},
		{"required":false,"id":"minecraft:small_dripleaf"},
		{"required":false,"id":"minecraft:spore_blossom"}
	]
}