{
	"values": [
		{"required":false,"id":"n/a","version":1.17},
		{"required":false,"id":"minecraft:cut_copper"},
		{"required":false,"id":"minecraft:cut_copper_slab"},
		{"required":false,"id":"minecraft:cut_copper_stairs"},
		{"required":false,"id":"minecraft:exposed_cut_copper"},
		{"required":false,"id":"minecraft:exposed_cut_copper_slab"},
		{"required":false,"id":"minecraft:exposed_cut_copper_stairs"},
		{"required":false,"id":"minecraft:oxidized_cut_copper"},
		{"required":false,"id":"minecraft:oxidized_cut_copper_slab"},
		{"required":false,"id":"minecraft:oxidized_cut_copper_stairs"},
		{"required":false,"id":"minecraft:waxed_cut_copper"},
		{"required":false,"id":"minecraft:waxed_cut_copper_slab"},
		{"required":false,"id":"minecraft:waxed_cut_copper_stairs"},
		{"required":false,"id":"minecraft:waxed_exposed_cut_copper"},
		{"required":false,"id":"minecraft:waxed_exposed_cut_copper_slab"},
		{"required":false,"id":"minecraft:waxed_exposed_cut_copper_stairs"},
		{"required":false,"id":"minecraft:waxed_oxidized_cut_copper"},
		{"required":false,"id":"minecraft:waxed_oxidized_cut_copper_slab"},
		{"required":false,"id":"minecraft:waxed_oxidized_cut_copper_stairs"},
		{"required":false,"id":"minecraft:waxed_weathered_cut_copper"},
		{"required":false,"id":"minecraft:waxed_weathered_cut_copper_slab"},
		{"required":false,"id":"minecraft:waxed_weathered_cut_copper_stairs"},
		{"required":false,"id":"minecraft:weathered_cut_copper"},
		{"required":false,"id":"minecraft:weathered_cut_copper_slab"},
		{"required":false,"id":"minecraft:weathered_cut_copper_stairs"}
	]
}
