{
	"values": [
		{"required":false,"id":"n/a","version":1.17},
		{"required":false,"id":"minecraft:waxed_copper_block"},
		{"required":false,"id":"minecraft:waxed_cut_copper"},
		{"required":false,"id":"minecraft:waxed_cut_copper_slab"},
		{"required":false,"id":"minecraft:waxed_cut_copper_stairs"},
		{"required":false,"id":"minecraft:waxed_exposed_copper"},
		{"required":false,"id":"minecraft:waxed_exposed_cut_copper"},
		{"required":false,"id":"minecraft:waxed_exposed_cut_copper_slab"},
		{"required":false,"id":"minecraft:waxed_exposed_cut_copper_stairs"},
		{"required":false,"id":"minecraft:waxed_oxidized_copper"},
		{"required":false,"id":"minecraft:waxed_oxidized_cut_copper"},
		{"required":false,"id":"minecraft:waxed_oxidized_cut_copper_slab"},
		{"required":false,"id":"minecraft:waxed_oxidized_cut_copper_stairs"},
		{"required":false,"id":"minecraft:waxed_weathered_copper"},
		{"required":false,"id":"minecraft:waxed_weathered_cut_copper"},
		{"required":false,"id":"minecraft:waxed_weathered_cut_copper_slab"},
		{"required":false,"id":"minecraft:waxed_weathered_cut_copper_stairs"}
	]
}
