{
    "parent": "item/generated",
    "textures":{ 
	"layer0":"item/firework_star"
	},
	"overrides": [
		{ "predicate": { "custom_model_data": 9102024 }, "model": "nbtr:nbt_crafting_table_gui"},
		{"predicate":{"custom_model_data":9102025},"model":"display:empty"},
		{ "predicate": { "custom_model_data": 9102026 }, "model": "nbtr:nbt_crafting_table"},
		{ "predicate": {"custom_model_data": 9102097}, "model": "display:displayer_gui"},
		{ "predicate": {"custom_model_data": 9102098}, "model": "display:displayer"},
		{ "predicate": {"custom_model_data": 9102099}, "model": "display:button_11"},
		{ "predicate": {"custom_model_data": 9102100}, "model": "display:button_12"},
		{ "predicate": {"custom_model_data": 9102101}, "model": "display:button_21"},
		{ "predicate": {"custom_model_data": 9102102}, "model": "display:button_22"},
		{ "predicate": {"custom_model_data": 9102103}, "model": "display:displayer_with_glass"},
		{ "predicate": {"custom_model_data": 9102104}, "model": "display:button_31"},
		{ "predicate": {"custom_model_data": 9102105}, "model": "display:button_32"}
		
	]
}
