{

	"pools":[
    {
	      "rolls": 1,
          "entries": [
        {
          "type": "minecraft:item",
          "name": "minecraft:item_frame",
		  "functions":[
		    {
			    "function":"minecraft:set_nbt",
				"tag":"{id:\"cam:chinese_knot\",display:{Name:'[{\"translate\":\"item.cam.chinese_knot\",\"bold\":false,\"italic\":false,\"underlined\":false,\"strikethrough\":false,\"obfuscated\":false}]'},CAM_chinese_knot:1b,CustomModelData:9102072}"
			}
		  ]
        }
                     ]
	}
	]
}