{

	"pools":[
    {
	      "rolls": 1,
          "entries": [
        {
          "type": "minecraft:item",
          "name": "minecraft:bone",
		  "functions":[
		    {
			    "function":"minecraft:set_nbt",
				"tag":"{id:\"cam:fish_bone\",display:{Lore:['{\"translate\":\"lore.cam.fishbone\",\"color\":\"gray\",\"italic\":\"false\"}'],Name:'[{\"translate\":\"item.cam.fishbone\",\"italic\":\"false\"}]'},CustomModelData:9102004}"
			}
		  ]
        }
                     ]
	}
	]
}