{

	"pools":[
    {
	      "rolls": 1,
          "entries": [
        {
          "type": "minecraft:item",
          "name": "minecraft:iron_sword",
		  "functions":[
		    {
			    "function":"minecraft:set_nbt",
				"tag":"{spear:1b,display:{Lore:['{\"translate\":\"lore.cam.spear\",\"italic\":\"false\"}'],Name:'[{\"translate\":\"item.cam.spear\",\"color\":\"gray\",\"italic\":\"false\"}]'},CustomModelData:9102015,id:\"cam:spear\"}"
			}
		  ]
        }
                     ]
	}
	]
}