{

	"pools":[
    {
	      "rolls": 1,
          "entries": [
        {
          "type": "minecraft:item",
          "name": "minecraft:stone_axe",
		  "functions":[
		    {
			    "function":"minecraft:set_nbt",
				"tag":"{display:{Name:'[{\"translate\":\"item.cam.woodmansaxe\",\"bold\":false,\"italic\":false,\"underlined\":false,\"strikethrough\":false,\"obfuscated\":false}]'},Enchantments:[{id:\"minecraft:efficiency\",lvl:2}],summon_guard:1b,id:\"cam:woodman_axe\",CustomModelData:9102095}"
			}
		  ]
        }
                     ]
	}
	]
}